https://www.facebook.com/cheleria.restaurantbar/photos/a.1636051139955028/2594534197440046/?type=3,
https://www.facebook.com/cheleria.restaurantbar/photos/a.1636051139955028/2594534197440046/?type=3&amp;eid=ARDJ7d9ZH728hosAFb3PBH6VmFzsMmuRsiRnEjLlnE18NgcyZ4az6hGanPHdth8C1w6gFCXQaD4Z9T9q,https://scontent.fmid2-1.fna.fbcdn.net/v/t1.0-9/54800113_2594534200773379_3673257899297079296_n.jpg?_nc_cat=100&amp;_nc_ht=scontent.fmid2-1.fna&amp;oh=aeb872fce370444208a507ac3d616081&amp;oe=5D34E227
https://www.facebook.com/cheleria.restaurantbar/photos/a.1636051139955028/2589967804563352/?type=3,
https://www.facebook.com/cheleria.restaurantbar/photos/a.1636051139955028/2589967804563352/?type=3&amp;eid=ARAqsCUZSfP0ZIGEYCWKyYAFpOs6yYwvBCx6iWKBgwZtMcUbJSVMHmF0LgJEa0c__cFjS4N3tExjZbgM,https://scontent.fmid2-1.fna.fbcdn.net/v/t1.0-9/53677010_2589967807896685_5485835068595240960_n.jpg?_nc_cat=108&amp;_nc_ht=scontent.fmid2-1.fna&amp;oh=b2d57f29244016573618fe9b55c426f2&amp;oe=5D4DC55F
https://www.facebook.com/cheleria.restaurantbar/photos/a.1636051139955028/2588794838013982/?type=3,
https://www.facebook.com/cheleria.restaurantbar/photos/a.1636051139955028/2588794838013982/?type=3&amp;eid=ARCrVmKLEmXuKOE0zuLs9JSb7E3qzTD0gU8Qe_ZpYuyE6NGRpuNlOUUYwtiYonXP6k5_HvxCFLehtOH0,https://scontent.fmid2-1.fna.fbcdn.net/v/t1.0-9/54434720_2588794844680648_2544704222356570112_n.jpg?_nc_cat=100&amp;_nc_ht=scontent.fmid2-1.fna&amp;oh=a922a4dcaf87a383b9e6ba4a16854b74&amp;oe=5D36A7F5
https://www.facebook.com/cheleria.restaurantbar/photos/a.1636051139955028/2584240501802749/?type=3,
https://www.facebook.com/cheleria.restaurantbar/photos/a.1636051139955028/2584240501802749/?type=3&amp;eid=ARB31a9eskIfa7OvVEHK9WIRolxHsoIalP8eNLNncvKLzcob82M_lRwzP7EIaAJIgBgiqZ5kjnfemVTH,https://scontent.fmid2-1.fna.fbcdn.net/v/t1.0-9/53285555_2584240505136082_4535185658678870016_n.jpg?_nc_cat=107&amp;_nc_ht=scontent.fmid2-1.fna&amp;oh=6abd4ca0f90ed55566e7b1403cf75b9a&amp;oe=5D505976
https://www.facebook.com/cheleria.restaurantbar/photos/a.1578842602342549/2564735067086626/?type=3,
https://www.facebook.com/cheleria.restaurantbar/photos/a.1578842602342549/2564735067086626/?type=3,
https://www.facebook.com/cheleria.restaurantbar/photos/a.1636051139955028/2560475414179258/?type=3,
https://www.facebook.com/cheleria.restaurantbar/photos/a.1636051139955028/2560475414179258/?type=3&amp;eid=ARDKDyMRwtzHVkOJrDg-42bH_b51c810K393b096ak99lJMpTc8U5Rel8s6flMI4tYtnuRZUZBfLGgp6,https://scontent.fmid2-1.fna.fbcdn.net/v/t1.0-9/51429958_2560475417512591_5154297755513913344_n.jpg?_nc_cat=108&amp;_nc_ht=scontent.fmid2-1.fna&amp;oh=3337360b96df65ea34ff211b2478c5b9&amp;oe=5D300306
https://www.facebook.com/cheleria.restaurantbar/photos/a.1636051139955028/2548788212014645/?type=3,
https://www.facebook.com/cheleria.restaurantbar/photos/a.1636051139955028/2548788212014645/?type=3&amp;eid=ARCNk0zQjTaUQWusugDXUHyCx_SfxmLAdu_Tl9tALFNmsnhOYS1fD7N70ODC6BCHe3RaDS_9tPso4F0i,https://scontent.fmid2-1.fna.fbcdn.net/v/t1.0-9/50231595_2548788215347978_4231848040006156288_n.jpg?_nc_cat=105&amp;_nc_ht=scontent.fmid2-1.fna&amp;oh=ce1f65dd6e48cc6bd092c03f361a438c&amp;oe=5D45835D
https://www.facebook.com/cheleria.restaurantbar/photos/a.1578849529008523/2252958838264252/?type=3,
https://www.facebook.com/cheleria.restaurantbar/photos/a.1578849529008523/2252958838264252/?type=3&amp;eid=ARAqT6Hb1fv4jwZtI8VsXe0CTAUlIIqjd9T0wbgVXMe6RpR4g1lMCwzCbSNYfbz5LkQGXpMAbvpoFC33,"https://scontent.fmid2-1.fna.fbcdn.net/v/t1.0-9/25594396_2252958838264252_25305670123598175_n.jpg?_nc_cat=103&amp;_nc_ht=scontent.fmid2-1.fna&amp;oh=7e84cbab11039f2ee7fc995409688e5b&amp;oe=5D47A6F1"" "
https://www.facebook.com/cheleria.restaurantbar/photos/a.1578849529008523/2224957894397680/?type=3,
https://www.facebook.com/cheleria.restaurantbar/photos/a.1578849529008523/2224957894397680/?type=3&amp;eid=ARCxWLWkJxaUt3QIh7Od56__givVUIcEYBtfVoBEPL_pFrzax8KTUZ8ZFwxlfZjnQ_OYKM4a_1t1Nh9n,https://scontent.fmid2-1.fna.fbcdn.net/v/t31.0-8/23456388_2224957894397680_9042837243183612627_o.jpg?_nc_cat=109&amp;_nc_ht=scontent.fmid2-1.fna&amp;oh=1edb4e07c13848c9001e4579668fd783&amp;oe=5D4F2B1
https://www.facebook.com/PizzaPlanetMid/photos/a.1971013353120983/1971015496454102/?type=3&amp;eid=ARDkK5pOkvpBSeINoYMX6ZnUQl4kjzLIZkB703AAogf5A0SGid-phkxz9Hiean_hucaitzfXT02sW1wo,https://scontent.fmid2-1.fna.fbcdn.net/v/t31.0-8/22339204_1971015496454102_2603513480147835332_o.jpg?_nc_cat=101&amp;_nc_ht=scontent.fmid2-1.fna&amp;oh=131828d058a97900cbfad7a794d3d368&amp;oe=5D35920
https://www.facebook.com/PizzaPlanetMid/photos/a.1971013353120983/1971015496454102/?type=3,
https://www.facebook.com/PizzaPlanetMid/photos/a.1971013353120983/1971015799787405/?type=3&amp;eid=ARA09rDXb_U8Vpai2zmuQ1S5tdeWPn7I6Em8vR_XVgxoVviIH_Y-XN5nISfCyHfqA3wcZaHB6w2ArA6W,https://scontent.fmid2-1.fna.fbcdn.net/v/t31.0-8/22291246_1971015799787405_1830137687775979419_o.jpg?_nc_cat=104&amp;_nc_ht=scontent.fmid2-1.fna&amp;oh=479d06394396be0f414728afc9a93cfa&amp;oe=5D38CDE
https://www.facebook.com/PizzaPlanetMid/photos/a.1971013353120983/1971015799787405/?type=3,
https://www.facebook.com/PizzaPlanetMid/photos/a.1969705899918395/1969712476584404/?type=3&amp;eid=ARBaVwNf5h5ggtmAdjJEMGVCdQ2JOP9Lgz3nhgEwJkayiE1BtOHlKGgR20LGkPyFvNQwFwHzh_1AtnEC,https://scontent.fmid2-1.fna.fbcdn.net/v/t31.0-8/22218424_1969712476584404_256084746478629667_o.jpg?_nc_cat=104&amp;_nc_ht=scontent.fmid2-1.fna&amp;oh=ba489e251135dafc5c720e933f4bdb15&amp;oe=5D4A6A8E
https://www.facebook.com/PizzaPlanetMid/photos/a.1969705899918395/1969712476584404/?type=3,
https://www.facebook.com/cheleria.restaurantbar/photos/a.1636051139955028/2204054913154645/?type=3,
https://www.facebook.com/cheleria.restaurantbar/photos/a.1636051139955028/2204054913154645/?type=3&amp;eid=ARDjD9GeQPZx4Jo4312ulNnCfxS8ayVIjnw2VoxcXscv-qMEml03KUKrpWwSoVng1hgSs5i5aTHbkiMQ,"https://scontent.fmid2-1.fna.fbcdn.net/v/t1.0-9/22089792_2204054913154645_91652091129965263_n.jpg?_nc_cat=111&amp;_nc_ht=scontent.fmid2-1.fna&amp;oh=1f82c22fb2d89ba0724135fc0c73230b&amp;oe=5D2FDF9D"" "
https://www.facebook.com/cheleria.restaurantbar/photos/a.1636051139955028/2200694043490732/?type=3,
https://www.facebook.com/cheleria.restaurantbar/photos/a.1636051139955028/2200694043490732/?type=3&amp;eid=ARCBbXFMOuU-35HNDgj7VGqeSvcYiHOf1-9_Y-oiBTEA6Z9WxnF8W_aPFRf4XUmON_aDt_9R9y_sZ2Hv,https://scontent.fmid2-1.fna.fbcdn.net/v/t1.0-9/21768142_2200694043490732_2796547752127069467_n.jpg?_nc_cat=101&amp;_nc_ht=scontent.fmid2-1.fna&amp;oh=0330105a54e37f45a6232652c1877a95&amp;oe=5D491FFE
https://www.facebook.com/cheleria.restaurantbar/photos/a.1636051139955028/2192600824300054/?type=3,
https://www.facebook.com/cheleria.restaurantbar/photos/a.1636051139955028/2192600824300054/?type=3&amp;eid=ARDEg5fjCpnfZ_prHZe9TphhS_hPgpNuZwTRWG6t2-d4AUV3LN8aTZHpSZQg-0PTcFMx5bPjbuovL0in,https://scontent.fmid2-1.fna.fbcdn.net/v/t1.0-9/21740011_2192600824300054_9030817376993167701_n.jpg?_nc_cat=100&amp;_nc_ht=scontent.fmid2-1.fna&amp;oh=9bae15c3f226b2b77b4125ee14887386&amp;oe=5D2D98C6
